Designator,Mid X,Mid Y,Rotation,Layer
C1,120.5,-79.7,-90,bottom
J1,124.195,-87.26,-90,bottom
SW1,112.65,-85.525,-90,bottom
U1,120.5,-76.125,-90,bottom
U2,128.632,-71.217643,-165,bottom
U3,152.057,-81.342643,180,bottom
U4,160.932,-81.292643,180,bottom
U5,195.675,-81.75,90,bottom
